{"cameraMode":{"drawMode":0,"name":"Shaded","section":"Shading Mode"},"sceneLighting":true,"audioPlay":false,"sceneViewState":{"m_AlwaysRefresh":false,"showFog":true,"showSkybox":true,"showFlares":true,"showImageEffects":true,"showParticleSystems":true,"showVisualEffectGraphs":true,"m_FxEnabled":true},"in2DMode":false,"pivot":{"x":3.3191020488739015,"y":1.8348292112350464,"z":7.897923946380615},"rotation":{"x":-0.005956074222922325,"y":-0.6765770316123962,"z":-0.005491611547768116,"w":0.7363791465759277},"size":1.2673969268798829,"orthographic":false}