{"cameraMode":{"drawMode":0,"name":"Shaded","section":"Shading Mode"},"sceneLighting":true,"audioPlay":false,"sceneViewState":{"m_AlwaysRefresh":false,"showFog":true,"showSkybox":true,"showFlares":true,"showImageEffects":true,"showParticleSystems":true,"showVisualEffectGraphs":true,"m_FxEnabled":true},"in2DMode":false,"pivot":{"x":-0.13894106447696687,"y":2.2463438510894777,"z":0.6393359899520874},"rotation":{"x":-0.026840871199965478,"y":-0.9499379396438599,"z":0.29947859048843386,"w":-0.08514025062322617},"size":1.0176122188568116,"orthographic":false}